Username,CommentContent,Time,Location
923,这剧开局还没十分钟就骗我眼泪,4月9日 13:58  ,江西
请输入搜索词,原本是游泳选手的他，却在泳池里放弃了自己的生命，救赎本身也需要被救赎…,4月9日 13:48  ,内蒙古
i7toy,“谢谢你还活着。就算是这样活着，你身边的人也很感恩。所以今天就试着活下去吧！因为天气太好了，听说明天会下雨，那就一边等着雨停，接着试着活下去吧！这样下去，总会有一天，你可能会觉得活着还不错”,4月10日 12:44  ,浙江
玉面小飞龙💦,他当歌手，是因为女主当时喜欢乐队的男二他喜欢糖果，是因为女主给过他的那款他电话连线粉丝，是特意打的电话鼓励她2009年出车祸是他救的她，她穿回2008年差点出车祸也是他救的她，她为他撑伞一次，他就想成为她的伞，他的一切都与她有关，男主我真的哭死,4月11日 19:31  ,内蒙古
尹净汉堡王,天杀的边佑锡怎么唱歌也这么好听,4月12日 11:14  ,江西
🤿,看完第二集结尾的我是世界上最孤独的人竟然给我整双向暗念啊啊啊啊啊啊天杀的,4月10日 00:19  ,安徽
Rainbow,天啊，男主看到自己少年暗恋的人怎么舍得自杀呢，肯定有其他原因的吧,4月9日 23:49  ,广东
笨鸟,追星女疯狂代入，不求在一起，只是希望他能好好照顾自己，要开心,4月9日 19:48  ,重庆
与夏,“你的出现，是我的救赎”这剧也太好看了吧,4月10日 12:46  ,广东
Venus,女主好开朗啊 好喜欢她的性格 太甜了谁懂,4月10日 18:12  ,新疆
ChanBaek,看完第二集  这不会是男主写给女主的暗恋歌吧 我哭 原来是你这么早就喜欢上了!,4月10日 00:02  ,河南
whiffet,纯爱战士应声倒地,4月13日 15:37  ,海南
16🌱54,进飙升榜了，Eclipse 你现在是真的火了，平时一定要注意自己的言行举止，不要让人以为你是个多坏的组合。 你不知道有多少眼睛盯着你看着你出错，我知道你是很真性情的乐队，也希望你能保持这份直率，但你更要严格要求自己，谨言慎行，起到乐队的表率作用，这样才能走得更远。,4月12日 17:19  ,湖南
”,刷到这段话 我真的要碎了,5月29日 01:41  ,广东
11,我弄丢的究竟是记忆 还是你,4月17日 22:00  ,吉林
不要乱倒垃圾,善宰啊 重庆今天下雨了 你跟小率也要继续幸福下去啊,15:22  ,重庆
sunshine,走不出阵雨了,12:58  ,江苏
σ,你知道我最讨厌什么吗？就是下雨在泳池泡了一整天出来如果外面还湿漉漉地下着雨 我就会很烦躁可是第一次遇见你的那天在下雨讨厌了一辈子的事 怎么会瞬间就会喜欢上呢那天我却很开心我以为就只有那天不一样而已但并不是  我现在也不讨厌以后好像也不会讨厌  不管是雨 还是你小率 我…非常喜欢你,10:02  ,江苏
小花.,听到这首歌就想哭,09:06  ,湖南
老公孩子在寒国,🫰🏻🫰🏻🥲,08:46  ,陕西
yonghwa,这个竟然是生蚝写的,08:43  ,山东
哇塞,歌词真的好感人啊 “你是上天给予的礼物”,08:09  ,上海
哇塞,听到阵雨就想哭,08:07  ,上海
我的坚持就是对你不离▂,有没有听一首歌，会突然的心痛,00:36  ,四川
晏清,再次流动的时间，是我送给你的礼物,9月29日 23:06  ,河北
🍧,小率和善宰永远幸福,9月29日 19:03  ,广东
知君意,要努力的活下去,9月29日 14:23  ,山东
路小雨,我爱你 善宰,9月29日 13:18  ,浙江
MTJJ_一只疯喵,今天是下雨天，正好听到了这首,9月29日 11:56  ,四川
星期九.,真的真的真的好好好好听  这两天一听就是循环循环,9月29日 10:21  ,山西
知旼,你在的话 下雨也是好天气,9月28日 23:57  ,广东
帅哥看看我,是谁还没走出来,9月28日 19:45  ,福建
知许解夏,“如果是为了救你而死的话，我无所谓”,9月28日 17:26  ,河南
東京难下雪,又双叒来了,9月28日 14:22  ,四川
AJ.W.,这哥声音很适配这歌的情景有种淡淡的隐忍感，其他人唱的都没这么动人,9月27日 21:58  ,北京
nii,好好听,9月27日 21:03  ,福建
不要乱倒垃圾,善宰小率你们要幸福啊,9月27日 19:40  ,重庆
不要乱倒垃圾,得了一听阵雨就想哭的病,9月27日 19:39  ,重庆
jhanik_,净汉要平安健康.,9月27日 19:13  ,广东
www,又来了,9月27日 10:50  ,辽宁
。,忘不掉,9月27日 00:27  ,四川
Rich,爱你的人永远知道怎么爱你，晚安,9月26日 21:51  ,黑龙江
Tsuki,小率啊,9月26日 19:10  ,江西
,可是柳善宰先生已经永远的停留在2023.1.1那天，因为见到了他暗恋十五年的小率，所以在门铃按响时，他一定知道门口的是谁，所以他淹死在了水里，明明他可以自救的,9月26日 08:37  ,安徽
忧郁的浪味仙,善宰啊 任何时空我都会爱上你,9月26日 06:23  ,河北
知旼,舍不得我们善宰和小率,9月25日 13:20  ,广东
bws,나 너 너무 좋아해.,9月25日 08:36  ,安徽
C,“你知道我最讨厌什么吗？就是下雨在泳池泡了一整天出来如果外面还湿漉漉地下着雨 我就会很烦躁可是第一次遇见你的那天在下雨讨厌了一辈子的事 怎么会瞬间就会喜欢上呢那天我却很开心我以为就只有那天不一样而已但并不是  我现在也不讨厌以后好像也不会讨厌  不管是雨 还是你”,9月24日 23:22  ,江苏
半句再见,我总想联系你 可我缺个理由缺个身份,9月24日 22:54  ,江西
远距离的欣赏,好听,9月24日 22:48  ,四川
Fish_BWS,每日一听,9月24日 20:13  ,陕西
youka_,善宰呀,9月24日 14:40  ,重庆
Aimee,单曲循环的一首歌 希望边边越来越好,9月23日 23:20  ,广东
猫猫酱,阵雨宝真的好能打 这么久了还在前排！,9月23日 22:43  ,广东
布 丁゛,如果是救你而死的话，我没关系，我无所谓的…善宰啊……,9月23日 22:38  ,辽宁
東京难下雪,有人去边边上海线下活动吗 求带ID,9月23日 21:30  ,四川
沐楠溪,小率和善宰一定会幸福的,9月23日 17:43  ,湖南
dlwlrma.,大雨时递给善哉的黄色雨伞和两颗糖，初雪时相互倾斜的伞，樱花落下时紧握的手，一起许的愿，第一次亲吻，第一次听善宰唱阵雨，第一次去海边嬉戏，抓小羊，第一次共眠，无数无数个第一次，是流动的时间留给人们的礼物，是不论生死都不能磨灭的，互相奔赴的灵魂。 爱让我们体验羞涩幸福，也带来苦涩绝望，爱可能是瞬息万变的，但曾经的真心对每个人来说都是时光里宝贵的印记，善宰和小率，要好好爱下去呢～不管在哪个时空，你们都是彼此的命中注定,9月23日 16:59  ,北京
楂咔.,小率和善宰一定要一直幸福下去啊,9月23日 16:15  ,陕西
讨厌红楼梦,今天天气很好试着活下去吧 如果下雨了 那就等雨停了在试着活下去,9月23日 00:56  ,湖北
讨厌红楼梦,晚安善宰小率 今天也要幸福哦,9月23日 00:55  ,湖北
讨厌红楼梦,善宰啊 谢谢你还活着,9月23日 00:54  ,湖北
Lntano,真的哭晕了这首歌也听得想哭,9月22日 23:07  ,浙江
Forever,真的被他们的感情狠狠打动,9月22日 22:46  ,宁夏
梨梨温弦,重刷小背跑,9月22日 20:07  ,河南
你是老虎🐯,ㅠㅠㅠ,9月22日 19:39  ,四川
一半砂糖,韩生蚝你还有两下子,9月22日 17:47  ,山东
＞ω＜,要火，宝宝要一直走花路,9月22日 14:52  ,四川
腌鱼🐳,听前奏都哭的歌,9月22日 13:44  ,重庆
雀斑猫,再次流动的时间，是我送给你的礼物,9月22日 10:28  ,天津
黎与礼,九月了还记着,9月22日 01:32  ,江苏
拉丹今天瘦了吗,韩生蚝又有你！！,9月22日 01:29  ,湖南
六丁目,二刷✅～晚安～,9月22日 00:17  ,山东
Joshujiyyye_,真的很好看的一部剧很戳我幸福的点和泪点,9月22日 00:02  ,山西
知旼,善宰啊,9月21日 22:02  ,广东
送你一只小猪,哭死了,9月21日 18:37  ,江西
周二,什么时候遇到我的善宰。,9月21日 18:04  ,四川
讨厌红楼梦,善哉啊 谢谢你还活着,9月21日 09:59  ,湖北
1,呜呜呜,9月21日 01:03  ,浙江
娜娜塔莉娅,时隔几个月，听了还是好哭,9月19日 22:48  ,福建
饭饭,即使这么久了 知道韩剧是糖衣炮弹也会沦陷,9月19日 22:19  ,河南
江苏的雪,好喜欢这首歌听好多遍都听不够虽然结局很好但是一听到这首歌感觉很难受,9月19日 16:25  ,云南
晚安,善宰啊,9月19日 14:34  ,广东
🍐,还是走不出小背跑,9月19日 00:50  ,福建
ᐇ,真的很好听啊啊啊啊啊啊啊,9月19日 00:05  ,广西
嘿凤梨,啊啊啊啊啊好想你,9月18日 21:07  ,北京
Mistletoe,呜呜呜呜太好看了,9月18日 10:48  ,四川
:,呜呜呜呜呜呜呜呜呜,9月18日 10:10  ,福建
.,边哥这几首只有边哥自己唱的最有感觉，最好听！！！！！！！！！！！！！！,9月17日 22:33  ,陕西
安啦.,善宰和小率经历了那么多，要永远幸福，虽然我看不见他们的生活了，但我相信他们对彼此的爱永远热烈深沉,9月17日 22:15  ,江苏
real__pcy,善宰和小率中秋快乐,9月17日 21:22  ,山东
山山而川,善宰啊～中秋快乐呀 和小率就这么一直幸福下去吧！,9月17日 21:04  ,湖南
東京难下雪,中秋快乐,9月17日 14:53  ,四川
東京难下雪,我最爱的你,9月17日 14:53  ,四川
',最爱,9月17日 14:06  ,湖北
千.,还在听,9月17日 09:40  ,贵州
锁罗斯,出于对李昇基唱过的歌的尊重来听一下原版，果然还是李昇基和郑容和的合唱版本好听。,9月17日 07:31  ,浙江
啵知蓝,阵雨一下,9月17日 01:45  ,广东
only 용,因为89哥翻唱了，我来留名,9月17日 01:06  ,重庆
樱落海洋,善宰啊，今天也下雨了,9月16日 21:50  ,浙江
esil.,善宰啊 谢谢你还活着,9月16日 21:40  ,江苏
格格椰子🥥,今天刚看完🥹🥹🥹我们善宰和小率一定一定要幸福啊！善宰不论哪个时空都会爱上小率🥹永远愿意为了小率而死去 、而我们勇敢的小率穿越一次又一次为了拯救善宰🥹甚至愿意和最爱的善宰毫无交集  幸好最后可以在一起了   让我相信了爱是本能  所以小率和善宰要永远幸福啊🥹🥹🥹,9月16日 14:33  ,广西
好想谈恋爱,阵雨今年真的封神了。阴雨天的必备曲,9月16日 12:40  ,吉林
初缘夜,这首歌都快被那些短剧用烂了,9月16日 11:07  ,四川
诗de每一页.,这是边佑锡唱的吗,9月16日 10:48  ,四川
小1,原本在学校偷偷拿手机看的 都是觉得不是更好看 但后面回家再看 妈呀 真的很好看🥹🥹尤其是当时善宰在摩天轮是记忆突然涌上来的时候🥹 都是就看哭了 更完了以后 心里一直空空落的…,9月16日 09:54  ,江西
。,@时代峰峻-张子墨 呜呜呜呜哭哭⊙﹏⊙,9月15日 16:50  ,山东
小梨涡^,善宰啊 谢谢你还活着,9月15日 16:37  ,山西
L o v e 喵 星,只要下雨就会想起这首歌 🥹‍🩹  小背跑 ~,9月15日 16:29  ,辽宁
ok7,善宰和小率在平行世界一定要幸福🥹💗,9月15日 14:23  ,广东
厄运给我退！退！退！,《追着善哉砂》,9月15日 13:48  ,山东
東京难下雪,我好爱你,9月15日 12:39  ,四川
Light♡,赚足了我的眼泪,9月15日 11:56  ,山西
＞ω＜,背着善宰跑五刷,9月15日 09:56  ,四川
李国花_Anthea,晚安,9月15日 02:39  ,宁夏
嘿嘿,啊啊啊  在回家的路上放到这首歌，突然好伤心，善哉小率,9月14日 12:25  ,广东
囧囧菇,〒▽〒,9月14日 10:11  ,江苏
real__pcy,“率呐，以后不要再逃跑了，如果我是为救你而死，我没关系的，我无所谓”,9月14日 02:23  ,山东
東京难下雪,又来听了,9月13日 23:27  ,四川
爱意共潮生.,最后第15集的阵雨，真的封神,9月13日 22:32  ,河北
biu,太纯爱,9月13日 20:22  ,湖南
想吃糖炒栗子,欧巴，怎么唱歌也这么好听！爱4️⃣啦,9月13日 17:54  ,四川
小雨,“再次流动的时间，是我送给你的礼物。”,9月13日 16:31  ,四川
茶茶🐟,善宰啊！！！！！,9月13日 15:37  ,未知
稚晕序時、yoonlist_,九月了 走不出一点,9月12日 22:55  ,广东
六斤是我的,还好我们都深爱着彼此，让结局又变得美好起来,9月12日 22:34  ,上海
六斤是我的,不同的时空，不同的结局，唯独不变的是我们深爱着彼此,9月12日 22:33  ,上海
六斤是我的,善宰啊我无时无刻无论时空始终不变的是那颗爱你的心,9月12日 22:33  ,上海
healing,困在这场阵雨🌦️里了,9月12日 21:57  ,湖北
東京难下雪,每天一遍,9月12日 21:32  ,四川
...,听到就想哭,9月12日 21:27  ,江苏
吹灭小山河.,你也是上天给我的礼物，一个短暂的礼物。,9月12日 19:42  ,山东
脸红接收处ᯤ.,小率和善宰要一直一直幸福！,9月12日 19:25  ,辽宁
svt-17^hoshi,那我弄的我又想三刷背着善宰跑了,9月12日 18:35  ,湖北
粉雾与海.,善宰和林率在另一个世界一定会永远幸福的。,9月12日 17:09  ,河南
木呱,下午15点36分,9月12日 15:36  ,四川
吸居重度患者,我最爱的阵雨主词曲竟然是韩生蚝 宝刀未老啊生蚝,9月11日 17:16  ,未知
.,善宰啊,9月11日 13:57  ,陕西
陇上行,韩国的爱细腻而又让人窒息，会不顾一切去守护，甚至搭上自己的生命也不惜,9月11日 07:07  ,山东
陇上行,善宰怎的得忧郁症了呢，事因为工作压力大吗，是因为小素拒绝他了吗，是因为他们总是错过时间，错过时空，不在同一个世界里吗，善宰是想去见小素吗？,9月11日 07:03  ,山东
陇上行,谢谢你还活着，一定要好好活着，只有你活着，才是我回到你的时间里最好的理由,9月11日 07:00  ,山东
陇上行,多亏小素可以穿越，不然，善宰只能继续深爱在心里，没有机会表白吧，是神的旨意吗？感谢神，能让他们一次次相遇，无论多少次，善宰都会同样爱上小素，心意不会因为岁月，时空，年纪的变化而改变,9月11日 06:59  ,山东
不二,wuil善宰 要幸福,9月11日 00:12  ,辽宁
東京难下雪,我的8刷还在继续,9月10日 23:37  ,四川
我不是煎饼侠,善宰啊。谢谢你还活着,9月10日 22:59  ,湖北
我不是煎饼侠,善宰啊。谢谢你还活着,9月10日 22:59  ,湖北
東京难下雪,今天下阵雨了 我好想你,9月10日 21:53  ,四川
香草冰淇淋ic,听着这歌就好感动了,9月10日 12:42  ,四川
我要桃跑,嗯,9月10日 11:39  ,山东
西米露,看一次哭一次,9月10日 07:21  ,广东
泡泡,特别好听，最好的善宰和小率,9月10日 00:08  ,广东
泡泡,凌晨12点08分,9月10日 00:08  ,广东
就是爱音乐,佑锡,9月9日 07:11  ,上海
Elsie,爱是一把互相倾斜的伞。,9月9日 00:12  ,四川
千,我们都走不出这场雨,9月8日 23:47  ,陕西
我不是煎饼侠,善宰啊,9月8日 23:44  ,湖北
東京难下雪,想你的每一天,9月8日 22:24  ,四川
東京难下雪,要上学去啦 回见,9月8日 22:24  ,四川
有个栗子,5个月了我还困在摩天轮里,9月8日 22:10  ,浙江
难得糊涂,小率 善宰啊,9月8日 17:12  ,江西
東京难下雪,睡不着,9月7日 23:31  ,四川
（：可以不上学吗,走不出来了善宰啊,9月7日 21:33  ,河南
Serendipity,为什么听着这首歌这么想哭呢？,9月7日 19:48  ,山东
瞎操心,63仔！,9月7日 17:45  ,湖南
.,3仔啊,9月7日 17:26  ,陕西
伤心结疤♡,跟风买的黄色雨伞漏水…,9月7日 14:42  ,广东
東京难下雪,今天已经是我的8刷了 听到歌还是哭了 播出那段时间天天期待 我都怀疑自己 我从来没有这么喜欢过周一周二 21:00到家就一直等到22:00更新 就一直哭 说实话结束那天我很不舍一直搜关于你们的物料 于是又看了笫二遍 第三遍 直到今天的8刷,9月7日 13:03  ,四川
蓝诗心,凌晨三点十八 窗外是“摩羯” cd机放着阵雨 脑海中不断涌现出剧里的画面 总是还会想 现实是残酷的 我和他永远不会相遇 只能是远远看着他的距离 但我还是想悄悄许一个自私的愿望 希望下辈子我们之间没有距离 是彼此最亲密的伴侣 这辈子我会默默守护你 要平安喜乐,9月7日 03:18  ,海南
Cattree,好久没完整追完一部韩剧了，看完感觉好失落，平行时空的小率和善宰会永远幸福地在一起吧，自己眼看男女主人公拥有美好的结局满足了，而电视剧的结束直接把自己打回残酷的现实，所以不会有人真的暗恋15年，世上不会有这样的纯爱，就真的好难过啊。,9月7日 00:15  ,福建
Rain,随机到了哈哈哈哈哈哈,9月6日 23:05  ,未知
Charih,这是边边唱的吗,9月6日 20:54  ,山东
七七小芒豆,“摩羯”听阵雨,9月6日 18:12  ,广东
隔夜茶,好听,9月6日 17:13  ,甘肃
Star.,爱柳善宰，更爱边佑锡,9月6日 09:03  ,四川
Star.,5刷了还是很爱,9月6日 09:01  ,四川
#너의 나비🦋,也许几天后，我会第一次，也是最后一次唱这首歌。没有原因，我爱你。我爱你，没有原因。,9月5日 22:08  ,广东
觿ξ,“流动的时间 是我送你的礼物”,9月5日 16:40  ,广东
17,而我，像淋了雨,9月5日 15:26  ,河南
東京难下雪,wuli善宰啊 要幸福,9月5日 14:36  ,四川
背着小狗跑,“再次流动的时间，这是我送你的礼物”,9月5日 13:15  ,湖北
心心相尹,你认识南墙吗？我撞过很多次了,9月4日 20:56  ,湖北
☁️,阵雨唱阵雨 都好好听,9月4日 15:52  ,山西
.,善宰啊,9月4日 14:42  ,陕西
東京难下雪,想你了63仔,9月4日 07:40  ,四川
低头school乡,wuli善宰小率 要幸福一辈子🥹🥹,9月4日 00:30  ,安徽
wx.-ωα.,从《背着善宰跑》来的,9月3日 21:08  ,重庆
（：可以不上学吗,走不出来了,9月3日 20:53  ,河南
PEACEMINUSONE,这是边佑锡本人唱的吗啊啊啊,9月3日 17:45  ,四川
Fish_BWS,每天听亿遍！,9月3日 15:25  ,陕西
Nikani,真的走不出来啊，又冲刷小背跑……在下雨天听这首歌更走不出来,9月3日 10:47  ,海南
见鹿,我哭 63仔你呜呜呜呜呜,9月3日 01:06  ,安徽
,刚二刷完小背跑 善宰小率一定要幸福,9月2日 23:37  ,广东
Viviii,我人生最爱的歌🌦️以及我最爱的韩剧《背着善宰跑》，无论过了多久再次打开这首歌，和大家一起追剧时的一幕幕全都涌现出来🥹想起善宰和小率的感情 他们一步步相爱“听说明天会下雨，你可以试着等雨停”从此我所经历的每个雨天，都有你们的存在。我的命运💟,9月2日 22:04  ,江苏
封情灵曦,看了几遍剧了，再次听这首歌的时候，感悟真的很多。整首歌充满了悲伤和遗憾，一听起来脑子里就自动回想起那个大雪纷飞的演唱会，wuli善宰就这样死在了那个冷冰冰的池子里面,9月2日 21:46  ,广东
兜兜有钱,广州又下雨，我又听震雨,9月2日 20:11  ,广东
Jiscyzz%,谢谢你还活着,9月2日 17:56  ,广东
玻璃牛。,善宰啊,9月2日 17:44  ,辽宁
才没有脸红呢.,救命男主这首歌完整版还真的发出来了,9月2日 16:46  ,未知
eleven,善宰小率在平行世界一定要一直幸福啊,9月2日 14:36  ,四川
체리소병🍒,“再次流动的时间，是我送给你的礼物”,9月2日 11:25  ,广东
Laurie_Wu,还没拔出来～单曲循光,9月2日 08:18  ,广东
阵雨,今天也试着活下去吧因为天气太好了,9月2日 02:27  ,四川
.,善宰呀,9月1日 20:35  ,陕西
🐟,每次听到这个都要哭,9月1日 18:33  ,四川
c.,善宰啊,9月1日 18:28  ,北京
得不到的永远在骚动,来喽来喽,9月1日 16:29  ,山东
3-,我已经三刷了,9月1日 16:09  ,未知
왕시양,我的边边一定要大红大紫,9月1日 15:34  ,河南
咪^,天杀的！！！ 才16集 走不出来了呜呜呜呜,9月1日 13:20  ,江西
Wang牙💎,前奏一起又回到春天了,9月1日 11:42  ,辽宁
山楂,善宰呀！,9月1日 10:56  ,重庆
𝙩𝙨𝙪𝙠𝙞,再次流动的时间 是我送给你的礼物,9月1日 01:38  ,贵州
Jojo_annaaa,发现其实是双向暗恋，甚至是善宰先爱上的时候我真的爆哭,9月1日 00:33  ,加拿大
변우석,“再次流动的时间 是我送给你的礼物”,8月31日 21:03  ,安徽
北君月,善宰鸣鸣鸣,8月31日 20:27  ,云南
♪‧⁺@朴成训重度依赖˳⁺⁎˚,二刷啦今天善宰和小率陪我度过了难熬的初三末相信在平行时空的你们也会一直一直幸福着,8月31日 18:27  ,福建
手心里的小黄花~,这部剧最触动我的是男主人设，他不同于以往的男主，高高在上、男神、校霸，他会开怀大笑会因为女主加他好友但因为被爸爸突然闯入错失加女主的机会而遗憾小发脾气，可能这也源于他有一个爱的父亲良好的家庭坏境，他对女主的一见钟情并非源于救赎，而是少年对少女发自内心的悸动，他暗恋了女主十几年，1.0的善宰一边爱一边自责，但他永远都不知道他的爱得以窥见天光，后面小率穿越拯救善宰，善宰并不知道他会死，只知道他爱的女孩忽然离他的距离越来越近，喜悦的心情里也充斥着不知所措，即便后来他的记忆里没有了小率，但他的心脏永远记得，善宰会反复爱上小率，小率早就刻进了善宰内心深入，“即使记忆全无，我的心脏永远为你跳动”。,8月31日 11:27  ,重庆
对方是帅逼,爱是一把会倾斜的伞,8月31日 10:55  ,四川
征征日上～,忘不了这部剧带给我的感动,8月31日 09:58  ,上海
一只帅气小白狗,小率善宰一定要幸福,8月30日 23:24  ,广东
莱克肉松包,2024.8.30首刷结束好好幸福下去吧wuli小率和善宰,8月30日 20:45  ,广东
闻渡,小率听他叫她名字就知道他想起来了,8月30日 14:18  ,河南
尺v尺,善宰啊,8月30日 12:10  ,江苏
尚夏,现在听仍然忘不了一点,8月30日 11:30  ,广西
未知数xy,啊啊啊啊，电视剧好看！这首歌俘获我的心！,8月30日 09:44  ,湖北
shupian_cookie,“就算记忆把你忘了，我的心还记得你”,8月30日 02:34  ,内蒙古
shupian_cookie,我又看一遍。阵雨呜呜呜呜呜呜,8月30日 02:33  ,内蒙古
XXz（负债一百万）,“再次流动的时间，是我送给你的礼物”,8月30日 00:38  ,河北
如果忧郁被人懂,,8月29日 22:38  ,广东
• ᴗ •ᐝ,小率 善宰一定要幸福●^●,8月29日 22:02  ,湖南
7,善宰 谢谢你 谢谢你活着,8月29日 17:57  ,江西
旺仔女孩,单曲循环无数遍了,8月29日 12:42  ,广东
鱼没有脚-,怎么会一下就喜欢上了一直都讨厌的事呢,8月29日 09:17  ,江苏
山野浓雾-,妈呀没看过背着善宰跑 但是听瓜榜歌听到这首觉得好好听 有了因为ost去看这部剧的想法了🥹,8月28日 21:14  ,湖南
hhhy,想起来了,8月28日 19:38  ,湖南
半岁,“下着雷阵雨的那天，住在隔壁的叫林率的女孩为我撑黄色雨伞的瞬间，心脏扑通扑通地跳动。 我陷入了。 一见钟情后，完全失去了平常心。 为了看一眼这个女孩，连电影都不看的人，却每天都在她所在的音像店前徘徊。如果对视上，一句话都不敢说就跑掉了。啊... 我这么害羞的吗？紧张得连话都没说过的单恋的她，突然像从天上掉下来一样出现在游泳池，猛地跑过来抱住我然后伤心地哭着说爱我。 直到昨天连我的存在都不知道的小率怎么知道我的名字呢？为什么用悲伤的眼神看着我呢？无论怎么想，奇怪的地方都不止一两个，但是为什么觉得越来越开心了呢即使掉进海里，也有信心游出来，但陷入初恋无法自拔，开始挣扎。”,8月28日 19:11  ,黑龙江
kittydiary‧₊˚,ㅠㅠ,8月28日 15:29  ,广东
忆星,我真的哭死了，下次就带黄伞,8月28日 13:49  ,江苏
Hiinfexxy^🍕,现在循环播放了呜呜呜 wuli善宰一定要好好的呀！,8月28日 13:25  ,四川
Hwa,边佑锡唱的这么好,8月28日 11:18  ,广东
想着你🐹,听着听着就哭了。善宰和小率的故事会一直继续下去,8月28日 04:18  ,四川
mjvm.,想回到那个夏天,8月28日 01:06  ,江苏
蜗蜗,八月底了，还在听,8月27日 22:27  ,天津
Adela,今年的夏天有善宰和小素治愈着,8月27日 22:16  ,山东
🦄🎶🪸,一直循环一直哭,8月27日 20:11  ,广东
蔓越莓,今天首刷完成啦 好喜欢,8月27日 20:02  ,湖北
19ing^,好想小背跑,8月27日 19:23  ,山西
唐泽雪穗,善宰呀,8月27日 12:01  ,湖南
喜乐🇨🇳,63仔真的好帅啊，天啊,8月27日 10:58  ,广东
108,谁懂.....看到歌手是ECLIPSE的时候真的狠狠一颤 有种照进现实的感觉各方面都做的好细节 泡菜你真的很会,8月27日 04:07  ,山东
请你吃颗糖,我会守护形只影单的你,8月26日 22:20  ,广东
春寻真理,"“对于我而言,善宰曾像夜空中的星星一般遥不可及或许这些本不该被我错过的瞬间正在某个角落璀璨闪耀持续不断地向我发送着信号或许不错过这个信号就是我能与你重逢的理由吧”",8月26日 20:04  ,湖南
六斤是我的,请让我遇到像63仔一样的人吧,8月26日 19:36  ,上海
妮可拉捣芭,边佑锡也要像大结局的善宰一样幸福快乐哦,8月26日 16:38  ,黑龙江
🥇,之前后劲还有的时候，一听就会哭，希望平行时空的你们能永远在一起,8月26日 14:10  ,广东
过眼浮云シ,不是中文翻译的吗，咋改了,8月26日 13:21  ,山东
iiiona,wuli善哉啊,8月26日 12:08  ,澳大利亚
六月,幸好大结局男女主结婚了，不然结局是略的，不然我要哭死。,8月26日 11:06  ,湖南
BH_xi🍒,这个剧后劲真的好大,8月26日 09:47  ,湖北
スンミン,真的很好看,8月26日 04:51  ,日本
Gaeul,愿我的综星 永远健康幸福,8月25日 23:40  ,云南
雨涵涵๑´0`๑,因为你第一次走向我的的那天下起了阵雨，从此我便爱上了雨天,8月25日 22:32  ,湖北
Felix,现在还有人听吗？还有人记得背着善宰跑吗？,8月25日 22:09  ,陕西
洄桉上,永远要陪伴孤独的你啊~,8月25日 20:31  ,贵州
背着善宰跑,“愿我的小率，永远永远幸福”,8月25日 17:57  ,未知
企鹅xykp,你们模特是都特会唱歌吗李圣经也是,8月25日 17:34  ,北京
侽朋友,会去到韩国见到边佑熙,8月25日 17:27  ,湖北
當時只道是寻常🌪,记忆渗入灵魂深处,8月25日 17:02  ,湖北
🐰𝙅𝙪𝙣𝙜𝙆𝙤𝙤𝙠,“你的出现，是我的救赎”,8月25日 15:18  ,广东
wanttQ,边佑锡好帅啊！我第一个喜欢上的韩国演员,8月25日 14:36  ,江西
荼蘼Adam,“谢谢你还活着。就算是这样活着，你身边的人也很感恩。所以今天就试着活下去吧！因为天气太好了，听说明天会下雨，那就一边等着雨停，接着试着活下去吧！这样下去，总会有一天，你可能会觉得活着还不错”,8月25日 14:11  ,山东
木易DAYTOY,正在下雨️,8月25日 12:40  ,辽宁
Star.,边哥给公主的台北fm视频信真的激动死我了，真的哭了，家人们,8月25日 08:29  ,四川
烟雨,“再次流动的时间，是我送给你的礼物”,8月24日 22:31  ,山东
Queena,再次流动的时间，是我送给你的礼物。,8月24日 18:49  ,上海
梅梅子,你是上天给予的礼物每次听到都,8月24日 13:48  ,广东
21in^,走不出来了,8月24日 13:46  ,湖北
colourful.,看完这部剧完全走不出来啊 听着这首歌眼泪就直着往下流,8月24日 10:58  ,黑龙江
Halcyon.,好好听 又来听了……好强的宿命感善哉啊，在平行时空和小率要永远幸福,8月24日 07:38  ,广东
宝塔镇河妖,一听这首歌就想哭,8月24日 00:52  ,湖北
清風配酒.,今天我单排遇到一群神仙队友带我上王者段位了！！！人生第一次记录一下，刚才在听这首歌的时候上的！好激动好激动好激动！！！！！,8月23日 23:04  ,北京
皮埃罗 I,善宰呀🥹,8月23日 22:22  ,广东
你们不要再打了啦,想起来了 全想起来了,8月23日 18:04  ,山东
小鳄鱼困困,现在在下雨,8月23日 13:54  ,云南
阿三,明明讨厌雨天，却又喜欢雨天,8月23日 10:46  ,江西
송,善宰啊呜呜呜呜,8月23日 06:02  ,河南
八音盒的思念.,单曲循环n遍 每次听到前奏眼泪就掉下来了 呜呜呜善宰啊 你和小素一定要永远幸福,8月23日 01:17  ,广东
八音盒的思念.,听说明天会下雨️,8月23日 01:16  ,广东
亲亲亲亲亲亲,再次流动的时间 是我送给你的礼物,8月23日 01:01  ,山西
小z爱吃鱿鱼丝,要幸福啊,8月22日 23:54  ,江西
Winter.,一听音乐眼泪就止不住了,8月22日 23:28  ,湖北
不该深情,平行时空里的36仔和林素也要幸福,8月22日 16:15  ,湖北
王嘉尔的宝宝🍑,好喜欢边佑xi,8月22日 14:01  ,重庆
🧀,每次听到这首歌不舍得切掉，善宰啊,8月22日 10:36  ,未知
上帝,善宰这个人设太完美了， 真的很完美很完美！希望边佑锡不忘初心  一定要注意自己的言行举止，现在也走花路了 以后也一直大火吧！！,8月22日 09:54  ,广东
老公,因为你  我也喜欢上了雨天,8月22日 08:01  ,湖北
5,今天就试着活下去吧 因为天气太好了,8月22日 04:18  ,四川
打折菠萝包🥐,今天刚看完这部剧 脑子里都是这首歌善宰和小率要一直幸福下去！！！,8月22日 00:14  ,北京
徐,平行世界的小率和善宰会幸福，佑锡和惠奫也会越来越好，继续闪闪发光吧佑锡惠奫,8月21日 23:52  ,重庆
徐,惠奫佑锡啊希望你们二搭再次合作,8月21日 23:48  ,重庆
徐,又来听歌啦，平行世界的63仔和小率一定会很幸福的吧,8月21日 23:48  ,重庆
shhy,每次听这首歌都好感动的感觉好触动,8月21日 23:11  ,广东
-7,不用别的，听到“善宰啊”我都想哭,8月21日 23:01  ,贵州
ᵧᵧᵧᵧʸ,wuli善宰啊,8月21日 22:29  ,山东
monster_baby,希望小率善宰永远幸福,8月21日 19:03  ,贵州
21还是21、,🥹,8月21日 18:29  ,河南
Wang牙💎,这几天一直都在下雨！现在正是太阳雨🌦又想起你们了！在另一个时空狠狠幸福吧,8月21日 17:16  ,辽宁
Star.,叫我怎么忘得了，已经4刷了，我忘不了,8月21日 16:24  ,四川
木头人Seol,到现在还排melon日榜6位，电视剧都结束三个月了,8月21日 16:01  ,安徽
Pepi940922,好好听，一听就很韩剧男主心声,8月21日 10:20  ,上海
来日词,太好哭了,8月20日 14:41  ,河北
Bubble,正在追，好感动,8月20日 12:13  ,天津
lAxiiyy,“今天就试着活下去吧，因为天气太好了.”,8月20日 12:02  ,湖南
maociyuan,好想哭啊我的天,8月20日 01:10  ,安徽
陈小青,感动虽然我还没有获得这种爱情但是我相信会有的,8月19日 20:16  ,山东
陈小青,感动虽然我还没有获得这种爱情但是我相信会有的,8月19日 20:16  ,山东
y💤,“再次流动的时间 这是我送给你的礼物这份礼物真的能被未来的你感受到吗我写下这封信 恳切地祈祷 希望你能感受到如果你在看这这个的话 我很想对你说这句话善宰…谢谢你 还活着”,8月19日 18:42  ,河南
徐,惠奫佑锡啊你俩二搭吧，还没走出来啊我,8月19日 11:35  ,重庆
Bubble,善宰真的很符合大家对男生的设想吧哈哈,8月19日 10:59  ,天津
Laurie_Wu,真的很耐听～这首歌,8月19日 08:46  ,广东
ᥬ🌝᭄ᥬ🌚᭄ᥬ🌝᭄,呜呜呜呜难受,8月19日 03:15  ,江苏
易落.,真的爱死这部剧,8月19日 02:16  ,湖南
夹心狗,随机到了又跟着了哭了一遍T ^ T我的小背跑,8月19日 00:19  ,天津
时维九月,我说这么耳熟 原来是阵雨,8月18日 22:53  ,浙江
M.O.L,受不了了听一次哭一次,8月18日 20:44  ,北京
一只小锦李、,天杀的，我出不来，根本出不来呜呜呜呜呜呜呜,8月18日 20:40  ,未知
我是七里香,好想哭呜呜呜啊啊啊啊啊啊啊,8月18日 18:48  ,湖南
JENDEUK.🍃,明天要去学校报到了ㅠㅠㅠ,8月18日 17:45  ,北京
☁️,“我弄丢的究竟是记忆，还是你？”,8月18日 17:45  ,湖南
21还是21、,,8月18日 16:48  ,河南
ε姝姝з,以后遇见阵雨都会想起你们了🥹,8月18日 15:47  ,辽宁
小烧鱼,再次流动的时间 是我送给你的礼物,8月18日 10:36  ,山东
🐰𝙅𝙪𝙣𝙜𝙆𝙤𝙤𝙠,“谢谢你还活着。就算是这样活着，你身边的人也很感恩。所以今天就试着活下去吧！因为天气太好了，听说明天会下雨，那就一边等着雨停，接着试着活下去吧！这样下去，总会有一天，你可能会觉得活着还不错”,8月18日 01:29  ,广东
y💤,“再次流动的时间 这是我送给你的礼物这份礼物真的能被未来的你感受到吗我写下这封信 恳切地祈祷 希望你能感受到如果你在看这这个的话 我很想对你说这句话善宰…谢谢你 还活着”,8月17日 20:19  ,河南
wuli_ENHYPEN,得了一种听这首歌就想哭的病,8月17日 18:55  ,广东
bws,wuli善宰＆小率,8月17日 17:46  ,安徽
笑,再次流动的时间 是我送给你的礼物,8月17日 16:59  ,四川
来一份炸蛋_,谁懂最后他们相认的时候小率的那句哽咽的“善宰啊”我真哭死,8月17日 11:07  ,河南
两米大长腿,再次流动的时间,8月16日 20:03  ,重庆
冬冬咩咩,善宰啊 我又想你了我要重刷了,8月16日 19:07  ,湖南
黑眼圈走开,再次流动的时间,8月16日 15:21  ,未知
D大调的明天,虽然但是伯贤太搞笑了,8月16日 14:51  ,河南
垂范💛,️,8月16日 13:36  ,北京
元有缘分,你是上天给予的礼物,8月16日 13:36  ,广东
🦋,时光赐给我们盗不走的爱人 而你赐给我时光,8月16日 11:24  ,山东
我没叫外卖,,8月16日 10:09  ,山东
讨厌葵葵狗,得了一种一听阵雨就会流泪的病……,8月16日 01:20  ,广东
ㅁㅅㅈ,刚看完15集 哭了好久明天看大结局啦,8月16日 00:35  ,福建
两包火鸡面,边佑锡撒拉嘿,8月15日 21:58  ,重庆
M-EVREH,我的小背跑,8月15日 21:35  ,河南
对立回忆,纯爱战神,8月15日 20:41  ,贵州
尔玉,再次流动的时间 是我送给你的礼物,8月15日 20:34  ,浙江
乱码霹雳鱼,啊啊啊啊好听好看,8月15日 20:22  ,山东
A,一次撑伞换来次次撑伞,8月15日 18:35  ,河南
阿夏,谢谢你活着,8月15日 17:50  ,重庆
宝塔镇河妖,这剧太好看了,8月15日 16:05  ,湖北
Promising.🐳,刚追完小背跑，开始单曲循环。双向奔赴真的好温暖边佑锡你一定会越来越火的！！！,8月15日 14:05  ,辽宁
捉刀客,可不可以出一个善宰这首歌的纯享舞台呀,8月15日 13:41  ,四川
小耳朵,边佑锡的声音真的好有辨识度,8月14日 18:41  ,安徽
丞钦同学,梦回背跑,8月14日 18:29  ,新疆
snow,我真的好爱这首歌呜呜呜,8月14日 14:02  ,广东
背着边佑锡绕地球跑🌻🍅,大暴雨来临前收完了家里晒的玉米🌽谁懂呐,8月14日 13:30  ,贵州
Baekenqii,回到我幸福的四五月吧🥹🥹,8月14日 13:20  ,新疆
不只,善宰啊,8月14日 12:51  ,江苏
一只小锦李、,韩国在氛围感这块是真的绝,8月14日 11:41  ,广东
徐,wuli率善永远幸福啊,8月14日 11:22  ,重庆
桃跑计划.,善宰和小率长长久久,8月14日 09:54  ,河南
-　　碎碎念 ℡。,今天也很爱边佑锡,8月14日 00:22  ,内蒙古
-　　碎碎念 ℡。,助力万评,8月14日 00:22  ,内蒙古
-　　碎碎念 ℡。,四个月了，韩国瓜榜还在前十的我们阵雨，太争气了,8月14日 00:22  ,内蒙古
miracle,好听死了呜呜呜，看背着善宰跑看了三四遍了呜呜X﹏X,8月13日 23:58  ,广东
做自由小源,善宰的一生，全部都围绕着小率🥹,8月13日 23:39  ,江苏
边,祝wuli佑锡越来越棒啊！！！,8月13日 18:59  ,广东
边,真的好喜欢边佑锡,8月13日 18:58  ,广东
小围巾,这首歌是善宰扮演者唱的吗？,8月13日 18:57  ,上海
对方正在输入……,下阵雨了,8月13日 16:30  ,广东
大五花komorebi,下阵雨了,8月13日 16:23  ,江西
17,真的好看,8月13日 12:35  ,广东
🐳,善宰呀,8月13日 12:20  ,海南
onyourm__ark,一听就起鸡皮疙瘩,8月13日 09:28  ,重庆
䨒,过了这么久再回来听 剧情又历历在目了🥹,8月13日 03:29  ,广东
干一碗猫饼.,真的太好看了,8月12日 23:35  ,江苏
小姚hhh.,不知不觉都4个月了，好怀念,8月12日 23:14  ,安徽
对着天空发发呆,还是没走出来啊，你们一定非常非常幸福,8月12日 22:47  ,湖北
yuuu_,爱是一把倾斜的雨伞,8月12日 20:04  ,山东
1,再次流动的时间 是我送给你的礼物,8月12日 16:22  ,福建
顾小辞Cecilia,谢谢你还活着,8月12日 16:21  ,黑龙江
⁡,我会奔向有你的2023,8月12日 15:17  ,河南
Shiy_aeo7,好想你 看完就好像你们人生再与我无关,8月12日 13:03  ,湖南
shupian_cookie,“再次流动的时间，是我送给你的礼物”,8月12日 11:28  ,内蒙古
Smiling at me﹌,“第一次遇见你的那天在下雨，那天我很开心，讨厌了一辈子的事，怎么会在一瞬间就喜欢了呢”,8月12日 10:50  ,江苏
零,就算是为了救小率而死 也绝不会后悔,8月12日 09:21  ,福建
sophia,今天才来听，背着善宰跑太上头了,8月12日 07:34  ,天津
玛丽莲懵露,一想到这是男主编给女主的歌，我就有一种跳跃次元的感觉,8月11日 23:27  ,山东
项链,看过剧的都爱上了,8月11日 20:46  ,江西
循環,“你知道我最讨厌什么吗？下雨在泳池待了一整天出来如果碰上湿淋淋的下雨天我就会很烦躁可是第一次遇见你的那天在下雨那天我很开心讨厌了一辈子的事怎么会在一瞬间就喜欢了呢我想着可能就只有那天而已吧但并不是现在也不讨厌以后也不会讨厌不管是下雨还是你小率 我非常喜欢你”,8月11日 19:15  ,广东
い碧婧非雪°敏、,呜呜呜一听就想哭,8月11日 19:10  ,浙江
阵雨,今天也试着活下去吧因为天气太好了,8月11日 18:15  ,广东
🌧️,“我不喜欢下雨天，只是遇见你的的那天正好下着雨，从此雨天也变得不再讨厌”,8月11日 18:07  ,四川
如果爱忘了,“谢谢你还活着。就算是这样活着，你身边的人也很感恩。所以今天就试着活下去吧！因为天气太好了，听说明天会下雨，那就一边等着雨停，接着试着活下去吧！这样下去，总会有一天，你可能会觉得活着还不错”,8月11日 17:24  ,四川
relieved,啊啊啊，真实太好看了这剧,8月11日 15:06  ,四川
Byouxi_63,还是没有释怀,8月11日 14:09  ,福建
就是爱音乐,虽然没有办法去你的城市见你，但是能听到你的歌，就已经感觉很幸福啦,8月11日 10:39  ,湖北
-,大晚上489个人在听,8月11日 03:14  ,陕西
不加糖,“谢谢你活着”“因为天气太好了”“如果我是为救你而死，那我无所谓，没关系的”“再次流动的时间，是我送给你的礼物”“谢谢你成为演员”所以什么是爱呢？爱是一把倾斜的雨伞,8月10日 20:54  ,甘肃
困,"“我最讨厌下雨天，可是遇见你的那天刚好下着雨,从此雨天变得不在讨厌”",8月10日 17:02  ,湖南
諗弦,满脑子的“善宰呀”,8月10日 16:50  ,四川
边,边佑锡我的TOP1,8月10日 15:42  ,广东
🍅🍊🍎🍏,柳善宰。,8月10日 14:51  ,江苏
Euphoria,他至死无悔于十五年前春雨里一见钟情的初恋,8月10日 11:45  ,贵州
koi,善宰啊,8月10日 02:17  ,广西
如果爱忘了,或许我们一开始就不该相遇,8月10日 01:57  ,四川
如果爱忘了,我说怎么会对你如此熟悉，原来是在很早之前就看过你,8月10日 01:56  ,四川
如果爱忘了,我喜欢的不仅是柳善宰，也是演柳善宰的边佑锡,8月10日 01:55  ,四川
如果爱忘了,再次流动的时间，是我送给你的礼物,8月10日 01:54  ,四川
Shako.,已经循环3.4次了，真的很好看！我们小素和善宰要永远幸福,8月10日 01:20  ,江苏
skye,在下大暴雨 电闪雷鸣,8月10日 00:43  ,天津
期盼,善宰啊,8月9日 21:35  ,湖北
lio,讨厌了一辈子的事 怎么会在一瞬间就喜欢了呢我想着可能就只有那天而已吧,8月9日 21:03  ,江苏
梵优^0^,我天。。40w收藏,8月9日 20:21  ,江苏
午后,半夜翻相册看到录屏视频 忘记是第几集了 男主在台上 客串唱的《阵雨》 女主在台下 剧里播放着他们在一起度过的时光碎片 有男主第一次对女主表白的时候 还有他说是为救她而死的话没关系……看着画面 泪流满面了 半夜哭得稀里哗啦,8月9日 16:28  ,河南
两包火鸡面,听哭了,8月9日 16:19  ,重庆
🐟,剧中的63仔要和小率都好好的,8月9日 14:01  ,山东
Chhhhh,再次流动的时间 是我送给你的礼物,8月9日 13:58  ,四川
𝓬𝓻𝓾𝓼𝓱 𝔂𝓸𝓾,现在还有人在听吗,8月9日 12:18  ,广东
陆大大是个充满盐汽水的小满月,wuli3仔呀,8月9日 11:43  ,河南
元头元脑,因为你，下雨天好像也不是很糟糕了,8月9日 09:09  ,广东
孤星的小孩,善宰啊，就这么一直幸福下去吧,8月8日 23:40  ,河南
Miss柒啊,我天呢 善宰真的是我韩剧No.1了 从4月看到现在 歌都听500多遍了 太爱了！,8月8日 23:32  ,湖南
知日一,戒断反应太严重了,8月8日 22:15  ,陕西
*:好想吃*,爱是一把倾斜的伞,8月8日 22:14  ,重庆
677777,“爱是一把会倾斜的伞”平行世界里的善宰和小率要永远幸福啊!我爱你们!你们在我的心里不只是纸片人 感谢演员金惠奫 边佑锡 是你们赋予了角色鲜活的生命力!阵雨过后 便是彩虹,8月8日 21:47  ,浙江
Lyanmin_Y7,因为你 开始喜欢下雨天,8月8日 21:05  ,四川
小Zaaa.,再次流动的时间 是我送你的礼物,8月8日 17:26  ,广东
🎀Angelababyan,下雨了 听阵雨,8月8日 15:45  ,上海
属你可嘉,明明不喜欢下雨天 却在雨天喜欢上你,8月8日 14:59  ,陕西
61,再次流动的时间 是我送给你的礼物,8月8日 14:03  ,海南
就是爱音乐,走不出来了，已经单曲循环一上午了,8月8日 13:19  ,湖北
阿羽.,想哭了贝贝们,8月8日 09:58  ,内蒙古
@：心好混乱＊,再次流动的时间 是我送你的礼物,8月8日 04:10  ,广东
沉离诗.,“如果我是为救你而死，那我无所谓，没关系的”,8月8日 01:05  ,河南
yuzu_y^🎧,每次听到这个就泪目了,8月8日 00:14  ,中国台湾
不喜欢早睡呀,听到这首歌剧情都想起来了,8月8日 00:08  ,河北
橘子橘子,再次流动的时间 是我送你的礼物,8月7日 22:21  ,陕西
橘子橘子,今天听阵雨🌦️单曲循环,8月7日 22:08  ,陕西
雨,这是边佑锡唱的吗,8月7日 17:44  ,湖北
ᐡ•͈ ·̭ •͈ᐡ,我以为剧名是背着善宰跑，看到后面发现居然原来是第4声,8月7日 14:27  ,天津
挣几亿,今天下雨啦 雨声配这首歌 好喜欢,8月7日 13:03  ,广东
马孔多在下雨,在听,8月7日 10:16  ,安徽
景烊,在平行世界，善哉和小率一定会长长久久的幸福的,8月7日 07:03  ,加拿大
Four็ัtt,如果笨蛋会发光 那我一定超级闪亮,8月7日 03:09  ,辽宁
悲观主义者,爱死了 刚开始听觉得没什么特别的剧情代入进去现在好喜欢这首歌,8月6日 22:59  ,湖北
zlyzx.,豪堪,8月6日 22:42  ,浙江
两包火鸡面,太悲伤了呜呜呜,8月6日 22:34  ,重庆
蛋饺肉丝,善宰啊,8月6日 20:36  ,河南
사랑해❤비상하다,好喜欢,8月6日 19:24  ,山东
陷温.,爱惨了，这部剧，走不出来了,8月6日 18:14  ,湖北
爱吃糖的鲸鱼,昨晚看到凌晨三点半刷完，我好久没有流过这么多的眼泪了，年纪大了，身边的爱情都是虚情假意，权衡利弊，看到这么一部剧，直接爆哭，里面一个弹幕说，善宰死了四次，不要叫背着善宰跑了，干脆叫追着善宰杀啊，啊哈哈哈哈，边演员继续接好剧，继续走花路！超级好听啊，善宰啊，又会演戏又会唱歌，真的太优秀了！,8月6日 15:52  ,浙江
等.,如果是为你而死的话  我没关系  无所谓,8月6日 14:48  ,湖南
花开半夏°,再次流动的时间，是我送你的礼物,8月6日 13:58  ,湖南
aeri酱,再次流动的时间 是我送给你的礼物,8月6日 11:54  ,河北
雨巷,你知道我最讨厌什么吗下雨天可是第一次遇见你的那天在下雨明明是讨厌了一辈子的事怎么会在一瞬间喜欢上了,8月6日 11:07  ,内蒙古
lx.,“再次流动的时间  是我送给你的礼物” ​,8月6日 10:07  ,河南
折颗星星,再次流动的时间，是我送你的礼物,8月6日 03:03  ,安徽
811,🌊· 再次流动的时间 是我送给你的礼物,8月6日 03:00  ,江苏
